<?xml version="1.0" encoding="UTF-8"?>
<project-private xmlns="http://www.netbeans.org/ns/project-private/1">
    <editor-bookmarks xmlns="http://www.netbeans.org/ns/editor-bookmarks/2" lastBookmarkId="0"/>
    <open-files xmlns="http://www.netbeans.org/ns/projectui-open-files/2">
        <group>
            <file>file:/C:/Users/jerap/iCloudDrive/code/GypsyCard%202/GypsyCard/src/Card3.java</file>
            <file>file:/C:/Users/jerap/iCloudDrive/code/GypsyCard%202/GypsyCard/src/Card1.java</file>
            <file>file:/C:/Users/jerap/iCloudDrive/code/GypsyCard%202/GypsyCard/src/ThreeCard.java</file>
            <file>file:/C:/Users/jerap/iCloudDrive/code/GypsyCard%202/GypsyCard/src/RandomCard.java</file>
            <file>file:/C:/Users/jerap/iCloudDrive/code/GypsyCard%202/GypsyCard/src/Card2.java</file>
            <file>file:/C:/Users/jerap/iCloudDrive/code/GypsyCard%202/GypsyCard/src/GypsyCard.java</file>
        </group>
    </open-files>
</project-private>
